,id,data
0,EED-LEWOCv0,"{0: 0.0014433325129420205, 1: 1.6685925005071678e-05, 2: 2.085740625638573e-05, 3: 2.08574062563493e-05, 4: 2.9200368758940543e-05, 5: 2.920036875905135e-05, 6: 0.4634098522044193, 7: 0.5313465958627255}"
1,t7uqHosIj4s,"{0: 0.0014671830495276738, 1: 3.278621339717551e-05, 2: 0.33197680375402083, 3: 0.6637282022909365}"
